,channel_id,video_id,title,date,description,viewcount,likecount,dislikecount,favoritecount,commentcount
0,UCv8vYfhw7Xj0Zmh6Xm42Mow,PNBJ1BUbCSY,TATA MOTORS ‡•ô‡§§‡§∞‡•á ‡§ï‡•Ä ‡§ò‡§Ç‡§ü‡•Ä | Tata Motors Share Price | Tata Motors Share News,2019-03-16 14:42:26,"Tata Motors Share , Tata Motors Share Price , Tata Motors Share News, Tata Motors Share Prediction, Tata Motors Share Review, Tata Motors Share Price Today, Tata Motors Share Latest News, Tata Motors Share Target, Tata Motors Share Analysis , Tata Motors Stock , Tata Motors Stock Analysis, Tata Motors Stock Technical Analysis, Tata Motors Stock Latest News, Tata Motors Stock News, Tata Motors Stock 2019, Tata Motors Stock Today, Tata Motors Stock Price, Tata Motors Stock View",51109,1397,69,0,50
1,UCGRIgtqal_cC7V_cD-Zylkg,_8PWvGjWN94,"In Conversation With Pratap Bose, VP, Global Design, Tata Motors | NDTV carandbike",2019-03-19 14:23:13,"Pratap Bose, VP, Global Design, Tata Motors, has a candid chat with Siddharth Vinayak Patankar about how design is an important concept at Tata Motors and how Tata showcases production ready concepts the Geneva Motor Show. This is the 21st consecutive year of participation of Tata Motors at Geneva. Tata Motors says it will make future powertrains ready for electrification and the H2X, the company says, is a great candidate where it can fit an electrified powertrain. Plus, the conversation also delves into future models and launches from Tata Motors as well.  For more from the world of auto, visit: http://bit.ly/LatestAutoNews  SUBSCRIBE to carandbike for your daily dose of Auto: http://bit.ly/CarAndBike  Follow us on Twitter:  https://twitter.com/carandbike  Like us on Facebook:  https://www.facebook.com/carandbike  Download the CarAndBike Android App here: https://play.google.com/store/apps/details?id=com.ndtv.auto&hl=en #PratapBose #SiddharthVinayakPatankar #GenevaMotorShow",2915,77,7,0,22
2,UCy55Eb9sSvoQv7xsf8qzqMg,hfzLlyNQKfQ,"Tata Motors ‡§∂‡•á‡§Ø‡§∞ ‡§Æ‡•á‡§Ç ‡§¨‡•Å‡§∞‡•Ä ‡§ñ‡§¨‡§∞, ‡§∏‡§æ‡§µ‡§ß‡§æ‡§® ‡§∞‡§π‡•ã, ‡§ó‡§ø‡§∞‡§æ‡§µ‡§ü ‡§Ü ‡§∏‡§ï‡§§‡•Ä ‡§π‡•à",2019-03-16 15:39:26,"What to do with Tata Motors Stock? Should I Invest in Tata Motors Stock? Tata Motors Stock Buying Tips Stock Trading Tips, Stock Trading Strategies, Share Trading Tips, Share Trading Strategies, Intraday Trading Strategies, Intraday Trading Tips, MULTIBAGGER STOCKS 2019",2185,42,4,0,4
3,UCv8vYfhw7Xj0Zmh6Xm42Mow,7aAocxYgHig,"TATA MOTORS | YES BANK | ASHOK LEYLAND | Latest Share Market Tips, Latest Share Market Videos",2019-03-10 14:31:02,"TATA MOTORS , YES BANK, ASHOK LEYLAND, Latest Share Market News, Latest Share News, Latest Share Market Tips, Latest Share Market Videos, Latest Share Market News In Hindi, Latest Share Recommendations , Latest Stock Market News, Latest Stock Market Recommendations , Latest Stock Market News India, Latest Stock News India, Latest Stock Picks, Latest Stock Market Analysis  Market Watch, Latest Stock Market Videos",58180,1561,73,0,53
4,UC1kX4UdFrTh0CvywaC6Gixg,NfQEZ4An1XQ,Tatamotors Best Stock from Nifty at attractive valuation,2018-12-22 16:53:41,"....................................................................... Open online Demat account with                    UPSTOX PLZ. Register on below link http://upstox.com/open-account/?f=9NV6  Benefits of UPSTOX Demat acct. 1.zero brokerage on equity delivery Trading lifetime. 2.  20 times margin. 3. 20/- maximum brokerage on F&O Trades 4. Users friendly App. Of UPSTOX. 5. Highest Trading App  6. Fantastic customers support. 7. Funded by Ratan Tata. ..........................................................  Connect with me.. Email: camsunny755@gmail.com ...................................................................... #tatamotors#tatamotorsshare#Stockmarket,beststockfromniftyatattractivevaluation, tatamotors, tatamotors share, tatamotors Stock, tatamotors latest news, tatamotors electric vehicle, tatamotors share price, tatamotors electric bus, electric car, electric cars,#dara2dreamstockbox, lithium ion, Tesla model s",11481,355,14,0,23
5,UCLimwPQ0_EdNzNy_ODWRAtg,bY2QQtCzxHo,TATA MOTORS WEAPONS CONCEPT !,2017-07-05 10:46:34,"""Please watch: """"INDIAN ARMY NEW ARTILLERY GUN""""  https://www.youtube.com/watch?v=o8PbyhjN7Xk --~-- FOR MORE INFORMATION PLEASE VISIT MY CHANNEL :                    https://www.youtube.com/c/INFOTECHINDIA  FOLLOW US ON :-   1) YOUTUBE ;-  https://www.youtube.com/c/INFOTECHINDIA 2)  TWITTER ;-  https://twitter.com/harshadshelar4        ~~~. TATA MOTORS WEAPONS CONCEPT ~~~  Futuristic Infantry Combat Vehicle (FICV) Armed with Anti tank guided missiles and hard kill active protection system which can kill incoming hostile guided missiles and RPG etc.... TML-led consortium‚Äôs Futuristic Infantry Combat Vehicle (FICV), aimed at providing a fully indigenous ICV as a replacement to Indian Army‚Äôs existing fleet of BMP-2s The Ministry of Defence is about to select two private sector companies to design the prototype of the futuristic infantry combat vehicle or (FICV). A consortium of Tata Motors and Bharat Forge is vying for this USD 12 billion project. Video Source and credit : Tata Power Strategic Engineering Division's (SED).                    ##########  VIDEOS LINKS  ###########  1) OPERATION GAZHI :  http://riffhold.com/1hQl 2) INDIA SURYA MISSILE :  http://riffhold.com/1hR7 3) INS VIKRANT  :  http://riffhold.com/1hRR 4) BRAHMOS MISSILE ‚Äì II  :  http://riffhold.com/1hRZ 5) THE GREATE WALL OF INDIA  :  http://riffhold.com/1hRl 6) INDIA SPACE TRAVEL  :  http://riffhold.com/1hRu 7) INS ARIDHAMAN  :  http://riffhold.com/1hS1 8) TEJAS MARK- II  :  http://riffhold.com/1hSA 9) INDIAN ARMY PANTOM GUN (DRDO) :  http://riffhold.com/1hSI 10) THE UZI SUBMACHINE GUN  (FULL  AUTO)   :   http://riffhold.com/1hSV 11) DRS PRICISION GMBH DRS-50 SNIPER RIFLE  :  http://riffhold.com/1hSm 12) INDIA NEW EXCALIBUR RIFLE  (DRDO )  http://riffhold.com/1hT5 13) THE TRACKING POINT RIFKE  :  http://riffhold.com/1hTIINDIA  14) INDIA AGNI ‚Äì 6 MISSILE  :  http://riffhold.com/1hTN 15) INDIAN ARMY GOT NEW BALLISTIC HELMET :  http://riffhold.com/1hTb 16) INDIA INS KHANDERI  :  http://riffhold.com/1hTm 17) INDIA P8I ‚Äì POSEIDON AIRCRAFT   :  http://riffhold.com/1hTr 18) INDIA ADVANCE SWATI RADAR   :  http://riffhold.com/1hU4 19) INDIA ADVANCE ANTI RADIATION MISSILE  :  http://riffhold.com/1hUA 20) INDIA  ADVANCE DHANUSH MORTAR  :  http://riffhold.com/1hUP                           *********  KEYWORDS ********** tata motors kestrel, tata motors kestrel and lamb tata motors tata motors weapon concept indian army indian army new weapons 2017""",2932100,42309,2916,0,2342
6,UCqvVj1LkOpA8tjb7RadTvOg,FXDZfIvYTi4,Tata Motors Technical Opinion - Stock Talk with Nitin Bhatia #3 Hindi,2019-02-01 16:00:01,"""Tata Motors Technical Opinion is crucial because it is beaten down stock and is trading at its multi-year low. For some investors, the valuation might look attractive, In this video, we will discuss whether is it a wise decision to buy the Tata motors for long term investment or swing trading.   In the price action strategy, an ascending triangle is forming on the charts of Tata motors. For Tata Motors Technical Opinion, it suggests that it can break out. However, such patterns also result in the breakdown of the stock. However, the closure above the resistance line or below the slope of higher lows will decide the direction of the future movement.  As Tata motors is a highly volatile stock, therefore, for a stock to move up, it is important that volatility should subside. As a thumb rule, high volatility means high risk thus stock may trade range bound.  The correlation between the nifty index and Tata Motors is Zero. Therefore, if it gives buy signal then it can be a good candidate to hold even the market is non-performing.  In option chain analysis, there are NO major support points. However, there are strong resistance points. Therefore, the probability of moving higher is very low.    To become a member/join, please click on following link  https://www.youtube.com/channel/UCqvVj1LkOpA8tjb7RadTvOg/join  If you liked this video, You can """"Subscribe"""" to my YouTube Channel. The link is as follows https://goo.gl/nsh0Oh  By subscribing, You can daily watch a new Educational and Informative video in your own Hindi language.    For more such interesting and informative content, join me at: Website: http://www.nitinbhatia.in/ T: http://twitter.com/nitinbhatia121 G+: https://plus.google.com/+NitinBhatia  #NitinBhatia""",55877,2678,72,0,1017
7,UCj8Bu5lt5ctGLAT96OCE2zg,hOLd4CL5ifA,Excel Vehicles - New Tata Motors 3S CV Dealership Pune - Walk Around Video,2015-07-16 03:40:30,"Excel Vehicles (part of My Car Group) has opened up a new 3S full range Commercial Vehicle dealership near Pune, on 15th July, 2015. Here is a walk around video of the entire facility.",122561,294,44,0,16
8,UCGRIgtqal_cC7V_cD-Zylkg,OQL1nAYS6tk,"In Conversation With Guenter Butschek, MD CEO Tata Motors | NDTV carandbike",2019-03-18 06:07:43,"At Tata Motors‚Äô 21st appearance at the Geneva Motorshow, things have heated up because the company has brought in production vehicles which are all set for their global launch. We get a chance to talk with the company‚Äôs CEO and MD, Guenter Butschek who tells us all about this new direction and of course the two new platforms that will lead the  charge for the company in India and other markets  For more from the world of auto, visit: http://bit.ly/LatestAutoNews  SUBSCRIBE to carandbike for your daily dose of Auto: http://bit.ly/CarAndBike  Follow us on Twitter:  https://twitter.com/carandbike  Like us on Facebook:  https://www.facebook.com/carandbike  Download the CarAndBike Android App here: https://play.google.com/store/apps/details?id=com.ndtv.auto&hl=en",3740,73,3,0,13
9,UCw5iqozF0f_P74lytoDJ2Lw,f45dnZXaJck,LPT 1918 5 L TURBOTRON COWL FROM TATA MOTORS,2019-03-20 15:24:02,NEW 5 L TURBOTRON ENGINE BY TATA MOTORS FOR BETTER MILEGE,96,11,0,0,1
10,UCNknK104P7l5KqXMiI8sqFQ,sPN_W4DNslc,‡§π‡§ø‡§Ç‡§¶‡•Ä - Tata motors Analysis & Valuations,2019-02-11 10:41:38,"In this video, I analyze Tata motors and I talk about their valuations.  ----  Link to my stock market course : https://sagarrv.com/  ----  The company operates in 2 main segments : Their domestic business and Jaguar Land Rover.  Their domestic business is doing very well and they are growing consistently. They have 45.6 % market share in commercial vehicles and 5.7 % market share in passenger vehicles.  Jaguar Land Rover is facing many issues. Some of them include : Brexit , slowdown in China and decrease in diesel demand.  Connect with me: Website : https://sagarrv.com/ Twitter: https://twitter.com/SagarRV1 Email: dr.sagar.rv@gmail.com  #tatamotorsvaluation#tatamotors#tataharrier#27000croresloss#assetimpairment#jaguarlandrover",23154,1066,32,0,206
11,UCGk_EOyEtbl-XdbVHRPwnfQ,6q-ynn3UaLw,We are TATA MOTORS.,2016-02-26 07:00:57,"At Tata Motors, we employ cutting-edge design and global research to cater to the future mobility needs. Our global network of engineering and design talent help us in anticipating future mobility trends and stay ahead of the curve.",105472,1179,27,0,
12,UCFLv8pQ9TGrtHknEUcID-Wg,sD_ixDRrX3s,Tata Motors - Inspired by people,2012-03-30 13:48:39,"A fortune 500 company, built on precision and craftsmenship. Tata Motors is 'Inspired by people'. Watch the journey of Tata Motors.",695439,1957,263,0,136
13,UCGk_EOyEtbl-XdbVHRPwnfQ,eFDrG12e8Lo,Tata Motors European Technical Centre Demonstrates Latest Mobility Technology on the Tata HEXA,2018-10-22 10:34:22,"Tata Motors European Technical Centre (TMETC) reveals its commitment to shaping the future of mobility and as a part of the project, they have successfully completed test trials on the new generation SUV, the Tata Hexa. The HEXA lends spacious interior and provides ample room to accommodate the necessary driving hardware, visitors and engineers in comfort.",74338,1719,19,0,
14,UCQRIKdVEcMTIBaoHLMEN5uA,EzGtQfE-X_A,TATA Motors Top 5 Indian Military Vehicles - Top 5 Best Indian Military Vehicle By TATA (Hindi),2019-01-18 11:27:47,"Here is a video about TATA Motors Top 5 Indian Military Vehicles - Top 5 Best Indian Military Vehicle By TATA Till Date.  The vehicles used by the Indian Military improve its operational efficiency and communications. It also equips our Armed Forces with modern defence and battle field equipment. These Vehicles are some of the most Badass Vehicles of Indian Army whereas on the other hand these are one of the most coolest vehicles when it comes to their looks and various other aspects.  üî¥Support Our Work : https://www.patreon.com/defencesquad  ‚≠ê SUBSCRIBE New Channel 'Defence Insight': https://goo.gl/ZUWcgw  ‚≠êFor More Defence News & Updates, Visit ‚ñ∫¬†https://www.defencexp.com/‚≠ê  Hello Defence Lovers, #DefenceGyaanSeries ke is episode No. 252 mai humne apko TATA Motors ke Top 5 Indian Military Vehicles ke baare mai bataya hai, Hume Umeed hai ki apko yeh episode pasand ayega.  We have compiled data from the Internet to find out Top 5 Best Indian Military Vehicles By TATA. Join us as we take a closer look at In Detail.  üî¥ Recommended Playlist - Biography Series : https://youtu.be/BCggc5yxb14?list=PLH3cBWh-hVy4o4WH2QBWIBahVmL33YlvV  üî¥ Recommended Playlist - Defence Talks Series : https://www.youtube.com/watch?v=NmdBhGQtX2w&list=PLH3cBWh-hVy7p_Ca-kCF--K_iDk91E8bz  üî¥ Recommended Playlist - Defence Updates Series : https://youtu.be/45ynKgHDt3A?list=PLH3cBWh-hVy4trtrtw6e4Wsh-yUA6F-Kh  üî¥ Recommended Playlist - Defence Gyaan Series : https://www.youtube.com/watch?v=WjrnNt8UrDY&list=PLH3cBWh-hVy5kWTci52UvQQBgPHSnEYTy  üî¥ Recommended Playlist - Top 10 Series : https://youtu.be/MhyO3ZIwCrA?list=PLH3cBWh-hVy6DgBhzm1QJO4JJ4dizBWgZ  ‚ñ∂Also Watch, Top 10 Amazing Facts About Marcos Special Forces : https://youtu.be/NCwaU753j4Q  ‚ñ∂Also Watch, Top 10 Most Dangerous Snipers In The World : https://youtu.be/TA0Q4_WZe48  ‚≠êSUBSCRIBE: https://goo.gl/6K7AJT ‚≠ê  SOCIAL: ‚ÜíInstagram ‚ñ∫¬†https://www.instagram.com/defencexp/ ‚ÜíFacebook ‚ñ∫¬†https://www.facebook.com/DefenceXP/ ‚ÜíTwitter ‚ñ∫¬†https://twitter.com/Defence_XP/ ‚ÜíWebsite ‚ñ∫¬†https://www.defencexp.com/ ‚ÜíFacebook ‚ñ∫ https://www.facebook.com/IndianDefenceSquad/ ‚ÜíInstagram ‚ñ∫ https://www.instagram.com/defencesquad/  About : Defence Squad is a No. 1 Indian Defence YouTube Channel where you will find videos related to the Great Indian Defence - Indian Army, Indian Navy & Indian Air Force and other related updates In Hindi.  This video shares all about Indian Military Vehicles - Indian Army Vehicles - Indian Army Vehicles 2019 - TATA Military Vehicle - Indian Army Vehicles List | Indian Military New Vehicles - Future Indian Military Vehicles - Best Indian Military Vehicles - Top 5 Indian Military Vehicles | Best Military Vehicles In India - Best Indian Army Vehicles - Indian Military Trucks - TATA Motors Top 5 Indian Military Vehicles - Top 5 Best Indian Military Vehicle By TATA",293280,8089,210,0,212
15,UCRdvd6hEqmOCepJ-wSrEsaA,Ad32yREYCYA,#12 A very big news on Tata motors. How to trade in Tata motors stock.,2019-03-14 13:28:05,"Tata motors latest share news. Tata motors latest share news today. Tata motors stock. Tata motors share. Tata motors share news. Tata motors stock news. Tata motors stock news today. Tata motors share news today. Tata motors stock review. Tata motors share review. Tata motors share price. Tata motors stock price. Tata motors stock analysis Tata motors latest news. Tata motors latest news today. Tata motors latest. Tata motors latest stock news. Tata motors latest news in hindi. Tata motors latest update. Tata motors latest video. Tata motors news latest. Tata motors news in hindi today. Tata motors news today. Tata motors trading. Tata motors brokerage report. Tata motors brokerage view. Tata motors brokers view. Tata motors brokers call.  stocks for trading today. stocks for intraday trading. stocks for swing trading. stocks for day trading. stocks for intraday trading tomorrow. stocks for option trading. stocks trading strategies. best stocks to buy. best shares to buy. best stocks to buy now. best stocks to invest. best stocks for option strategies. top stocks. top stocks to buy. buy or sell call on stock. buy stocks now. buy stocks for tomorrow. buy stocks for trading. buy stocks for beginners. stock to buy now. best stock. best share for tomorrow. stocks for tomorrow.  intraday tips. intraday shares. intraday stock. intraday free tips. intraday trading stocks for tomorrow, top stocks to buy. trading stocks for tomorrow. best stocks for intraday. best shares for intraday. trading share for tomorrow. intraday trading stocks for tomorrow. best intraday stock. intraday trading stocks. intraday trading. trading stocks. shares for tomorrow. stocks for tomorrow. trading stocks for tomorrow. trading shares for tomorrow. intraday trading stocks for today. stock market. day trading tips. day trading stocks. intraday calls for tomorrow. intraday shares. intraday trading tips for tomorrow. intraday trading tips. intraday trading shares. stocks to buy tomorrow. shares to trade tomorrow. tips for  tomorrow. intraday trading tips for today. today intraday calls. share calls.  stocks calls.  free intraday tips. top earning stocks. free stock market tips for intraday. free share market. free stock market tips for tomorrow. share market tips for beginners. share market tips in hindi. free stock tips. free share market tips. shares to buy today in indian market. best intraday tips. intraday tips for tomorrow. intraday tips for today nse.  Stock market. Investing. Intraday Trading. Stock Future. Trading view. Intraday Trading tips. Stock. stock news. trade. stock market live. trading account. Techincal analysis. stock market live. Trading. stocks. share market. nse india. business ideas. how to invest in stock market. Nifty share price. bank nifty share price. sgx nifty. sensex. nifty. nse India. Nifty50. stock market. bse. nifty bank. nse live. bank nifty. nifty today. Nifty future.  #StockMarket #TataMotors #tata",923,9,4,0,0
16,UCQIycDaLsBpMKjOCeaKUYVg,E-_motUNbQY,"Tata Motors Q3 Results: Consolidated net loss of Rs 26,960 crore - Why this happened",2019-02-08 08:41:07,"Tata Motors Thursday reported a consolidated net loss of Rs 26,960.8 crore for the third quarter ended December 31, hit by asset impairment in its British arm Jaguar Land Rover (JLR). The company had reported a net profit of Rs 1,214.6 crore in the October-December quarter of 2017-18.   CNBC Awaaz is India‚Äôs number one business channel and an undisputed leader in business news and information for the last ten years. Our channel aims to educate, inform and inspire consumers to go beyond limitations, with practical tips on personal finance, investing, technology, consumer goods and capital markets. Policymakers and business owners alike have grown to trust CNBC Awaaz as the most reliable source with its eye on India‚Äôs business climate. Our programming gives consumers a platform to make decisions with confidence.  Subscribe to the CNBC Awaaz YouTube channel here: https://goo.gl/g3rzrW Follow CNBC Awaaz on Twitter: https://twitter.com/CNBC_Awaaz Like us on our CNBC Awaaz Facebook page: https://hi-in.facebook.com/CNBCAwaazIndia",46078,561,188,0,192
17,UCr2NoGL2MevGADAps8rYQyA,vkqczK_aBaw,Tata Motors Bolivia tiene el veh√≠culo que usted necesita,2016-08-23 22:10:21,"¬øBusca veh√≠culos de trabajo? ¬øNecesita para su familia? En TATA Motors Bolivia tienen las diferentes opciones para satisfacer sus necesidades...Recuerde: cr√©dito directo y tres a√±os de garant√≠a. Comun√≠quese al 342-0004, o visite el sal√≥n de exposici√≥n en la Av. Cristo Redentor entre 4to y 5to anillo para conocer de cerca ofertas como la de ‚Ä™#‚ÄéM√°sBaratoQueUnTaxi‚Ä¨... Est√° IM-PER-DI-BLE",34017,162,30,0,32
18,UC3y1X9PH8KLXS4Vn-Z4CH7w,2fVCuA3TAGQ,Tata Motors ARIA production facility,2010-10-14 11:30:02,Tata Aria - A new breed.  The finesse of Sedan meets the muscle of an SUV.    Watch the making of the Aria.,805735,1360,184,0,83
19,UCtupjQPXuBzOviwv898YGqA,Q3yNGY27KI8,TATA MOTORS LAUNCHES NEW COMMERCIAL VEHICLE LINE UP   INDUSTRY NEWS,2017-08-03 14:54:23,"Pilipinas Taj Autogroup Inc. recently introduced its newest commercial vehicle lineup in the Philippines in an event held at SMX Convention Center, Pasay City. A press conference was in order before they presented their whole commercial vehicle line ‚Äì up attended by the India designated Ambassador to the Philippines H.E. Jaideep Mazumdar, Tata dealers and the motoring media. Tata Motors is happy to announce their presence in the Philippine market.  The new lineup includes the Tata Prima Range of Tractor Trailers and Tippers, the LPT Range of Light, Medium, and Heavy Trucks, SFC 407, and the Mini Trucks range of Ace and SuperAce.  It was in 2014 when Tata Motors came to the Philippine shores initially to bring in their passenger cars like the Indigo and the Manza. This time around they are ready to get a share in the trucking sector offering commercial vehicles in uplifting the country‚Äôs logistic and business trade market.   Also during the launch, Pilipinas Taj Autogroup awarded plaque of appreciation to their loyal consumers and dealers. Pilipinas Taj said that they will ramp up their marketing promotions, reliable after market services and continue to expand their dealership in other regions in the Philippines.",44026,168,12,0,12
20,UCv8vYfhw7Xj0Zmh6Xm42Mow,2Bcv1deVc7Y,TATA MOTORS ‡§Æ‡•á‡§Ç ‡§¨‡•ú‡•Ä ‡•ô‡§¨‡§∞ ‡§∏‡•á ‡§¶‡§æ‡§Å‡§µ ‡§™‡§≤‡§ü ‡§∏‡§ï‡§§‡§æ ‡§π‡•à | Tata Motors Share Price | Tata Motors Share News,2019-03-01 15:49:56,"Tata Motors Share , Tata Motors Share Price , Tata Motors Share News, Tata Motors Share Prediction, Tata Motors Share Review, Tata Motors Share Price Today, Tata Motors Share Latest News, Tata Motors Share Target, Tata Motors Share Analysis , Tata Motors Stock , Tata Motors Stock Analysis, Tata Motors Stock Technical Analysis, Tata Motors Stock Latest News, Tata Motors Stock News, Tata Motors Stock 2018, Tata Motors Stock Today, Tata Motors Stock Price, Tata Motors Stock View",54683,1167,38,0,46
21,UCPohbSYq4IXhv0yxiy-sT4g,6dQqrdaWcEc,Why Tata Motors Stock is Falling? Tata Motors books Loss in Q3 Result Update,2019-02-07 15:42:06,"Tata Motors reports massive Rs 26,961 crore Q3 loss on one-time hit from asset impairment at JLR Auto major Tata Motors on Thursday reported a massive Rs 26,961 crore consolidated loss for the December quarter. The company said it took one-time exceptional non-cash charge for asset impairment of 3.1 billion pounds.  The auto firm had posted a profit of Rs 1,214.60 crore in the year-ago period.  Consolidated revenue for the quarter under review rose 5 per cent YoY to Rs 77,001 crore.  Join our MemberShip Program for Exclusive Research Content: https://www.youtube.com/channel/UCPohbSYq4IXhv0yxiy-sT4g/join  Make your FREE Financial Plan today: https://investyadnya.in/index  Yadnya Book - 108 Questions & Answers on Mutual Funds & SIP - Available here: Amazon: https://goo.gl/WCq89k Flipkart: https://goo.gl/tCs2nR Infibeam: https://goo.gl/acMn7j Notionpress: https://goo.gl/REq6To  Find us on Social Media and stay connected: Facebook Page - https://www.facebook.com/InvestYadnya Facebook Group - https://goo.gl/y57Qcr Twitter - https://www.twitter.com/InvestYadnya Blog - https://blog.investyadnya.in #InvestYadnya #YIA",10819,414,14,0,100
22,UCRdvd6hEqmOCepJ-wSrEsaA,3D0--bc3UAo,#11 A very big news on Tata Motors. How to trade in Tata motors & Ashok leyland stock.,2019-03-11 16:11:57,"Tata motors latest share news. Tata motors latest share news today. Tata motors stock. Tata motors share. Tata motors share news. Tata motors stock news. Tata motors stock news today. Tata motors share news today. Tata motors stock review. Tata motors share review. Tata motors share price. Tata motors stock price. Tata motors stock analysis Tata motors latest news. Tata motors latest news today. Tata motors latest. Tata motors latest stock news. Tata motors latest news in hindi. Tata motors latest update. Tata motors latest video. Tata motors news latest. Tata motors news in hindi today. Tata motors news today. Tata motors trading. Tata motors brokerage report. Tata motors brokerage view. Tata motors brokers view. Tata motors brokers call.  stocks for trading today. stocks for intraday trading. stocks for swing trading. stocks for day trading. stocks for intraday trading tomorrow. stocks for option trading. stocks trading strategies. best stocks to buy. best shares to buy. best stocks to buy now. best stocks to invest. best stocks for option strategies. top stocks. top stocks to buy. buy or sell call on stock. buy stocks now. buy stocks for tomorrow. buy stocks for trading. buy stocks for beginners. stock to buy now. best stock. best share for tomorrow. stocks for tomorrow.  intraday tips. intraday shares. intraday stock. intraday free tips. intraday trading stocks for tomorrow, top stocks to buy. trading stocks for tomorrow. best stocks for intraday. best shares for intraday. trading share for tomorrow. intraday trading stocks for tomorrow. best intraday stock. intraday trading stocks. intraday trading. trading stocks. shares for tomorrow. stocks for tomorrow. trading stocks for tomorrow. trading shares for tomorrow. intraday trading stocks for today. stock market. day trading tips. day trading stocks. intraday calls for tomorrow. intraday shares. intraday trading tips for tomorrow. intraday trading tips. intraday trading shares. stocks to buy tomorrow. shares to trade tomorrow. tips for  tomorrow. intraday trading tips for today. today intraday calls. share calls.  stocks calls.  free intraday tips. top earning stocks. free stock market tips for intraday. free share market. free stock market tips for tomorrow. share market tips for beginners. share market tips in hindi. free stock tips. free share market tips. shares to buy today in indian market. best intraday tips. intraday tips for tomorrow. intraday tips for today nse.  Stock market. Investing. Intraday Trading. Stock Future. Trading view. Intraday Trading tips. Stock. stock news. trade. stock market live. trading account. Techincal analysis. stock market live. Trading. stocks. share market. nse india. business ideas. how to invest in stock market. Nifty share price. bank nifty share price. sgx nifty. sensex. nifty. nse India. Nifty50. stock market. bse. nifty bank. nse live. bank nifty. nifty today. Nifty future.  #StockMarket #TataMotors #AshokLeyland",2283,32,4,0,2
23,UCNjPtOCvMrKY5eLwr_-7eUg,s06WJGk1iJQ,15 Things You Didn't Know About TATA MOTORS,2018-11-03 12:51:18,"15 Things You Didn't Know About TATA MOTORS | CATEGORY DAY SUBSCRIBE to ALUX: https://www.youtube.com/channel/UCNjPtOCvMrKY5eLwr_-7eUg?sub_confirmation=1 15 Things You Didn't Know About Ratan Tata: https://www.youtube.com/watch?v=_Hk7nl8LbQA&t=  In this Alux.com video we'll try to answer the following questions: How big si Tata Motors? Who owns Tata Motors? Who founded Tata Motors? What is Tata Motors' market cap? How much revenue does Tata Motors generate? What are Tata Motors's sales? How did Tata Motors succeed? How did Tata Motors started? Who is the current CEO of Tata Motors? When did Tata Motors acquired Jaguar and Land Rover? What is Tata Motors' success story? Who is Ratan Tata?  #alux #company #tatamotors  WATCH MORE VIDEOS ON ALUX.COM! Most Expensive Things:  https://www.youtube.com/watch?v=Ay0u3dJRZas&list=PLP35LyTOQVIu4tNnitmhUqIjySwUhfOyl  Luxury Cars:  https://www.youtube.com/watch?v=m5GhenZZs1k&index=1&list=PLP35LyTOQVItrVHGzdB9KY-Sbjq4gU-Ym  Becoming a Billionaire:  https://www.youtube.com/watch?v=Skwfwf2SNpw&index=6&list=PLP35LyTOQVIsO8kOTx8-YOgwkGvrPtJ3M  World's Richest:   https://www.youtube.com/watch?v=rAy_G-1JF74&index=1&list=PLP35LyTOQVIvthSKr0S3JdjWw3qA9foBa  Inspiring People:  https://www.youtube.com/watch?v=lMjO3Gg45pM&list=PLP35LyTOQVItaKCX5o3yaje6_H9D-GuEM  Travel the World: https://www.youtube.com/watch?v=-Blsz2JbdgM&t=2s&index=23&list=PLP35LyTOQVIt823Sy_C3-166RLzONbw6W  Dark Luxury:  https://www.youtube.com/watch?v=ch7JWVk8Ldk&index=6&list=PLP35LyTOQVIvQU6lzpW5_lryMmdB6zncU  Celebrity Videos:  https://www.youtube.com/watch?v=UuhPRVdDli0&list=PLP35LyTOQVIuJuINlyvSU2VvP6pk9zjUk  Businesses & Brands:  https://www.youtube.com/watch?v=Xr2YdBz2uWk&list=PLP35LyTOQVIv0fNwEgqmkrDd9d9Nkl7dz  - Follow us on INSTAGRAM for amazing visual inspiration: https://www.instagram.com/alux/ & Don't miss the latest Luxury News only on Facebook: https://www.facebook.com/ealuxe --- Alux.com is the largest community of luxury & fine living enthusiasts in the world. We are the #1 online resource for ranking the most expensive things in the world and frequently referenced in publications such as Forbes, USAToday, Wikipedia and many more, as the GO-TO destination for luxury content!  Our website: https://www.alux.com is the largest social network for people who are passionate about LUXURY! Join today!  SUBSCRIBE so you never miss another video: https://goo.gl/KPRQT8 -- To see how rich is your favorite celebrity go to: https://www.alux.com/networth/ -- For businesses inquiries we're available at: https://www.alux.com/contact/",90797,3116,71,0,506
24,UCv8vYfhw7Xj0Zmh6Xm42Mow,DL_iJvY8Mnk,TATA MOTORS SHARE ‡§ú‡§¨‡§∞‡§¶‡§∏‡•ç‡§§ MOMENTUM 10 % ‡§â‡§õ‡§æ‡§≤  01 ‡§ï‡§∞‡•ã‡•ú ‡§∂‡•á‡§Ø‡§∞ ‡§°‡§ø‡§≤‡•Ä‡§µ‡§∞‡•Ä | Tata Motors Share News,2019-03-05 09:19:59,"Tata Motors Share , Tata Motors Share Price , Tata Motors Share News, Tata Motors Share Prediction, Tata Motors Share Review, Tata Motors Share Price Today, Tata Motors Share Latest News, Tata Motors Share Target, Tata Motors Share Analysis , Tata Motors Stock , Tata Motors Stock Analysis, Tata Motors Stock Technical Analysis, Tata Motors Stock Latest News, Tata Motors Stock News, Tata Motors Stock 2018, Tata Motors Stock Today, Tata Motors Stock Price, Tata Motors Stock View",11657,370,14,0,12
25,UChneGqGy_lmvfcR1v_avL6g,LOJQDZpwDg8,TATA Motors ‡§ñ‡§∞‡§ø‡§¶‡•á ‡§ï‡•ç‡§Ø‡§æ ? 100% True Review in Hindi by SMkC,2019-02-02 14:05:31,This video only for education and knowledge purpose Before taking any decision plz once consult with your financial advisor or do your own research . I am not SEBI registered .  Thank u :),50504,1055,144,0,148
26,UCS5TcDhAUJG6g-S5yD4u6DA,_KAx6YPla8I,Tata Motors Affirmative Action in Jamshedpur,2014-02-06 22:46:23,"A corporate film for Tata Motors Limited based on their affirmative actions in the area of Jamshedpur.   The Team:  Client: Tata Motors Ltd. Producer/Director: Saransh Mohite Written By: Narayan Thakur / Saransh Mohite Presenter: Deepika Gopinath  Editor: Ankush Gawde Assistant Directors: Sameer Relia, Niranjan Janakiraman Sound Recordist : Ajit Kumar Rai Sound Equipments: Ultra Video. Back Ground Music: Rohan Gokhale / Varad Khare Dubbing: Anupam Sathye Special Thanks: all the people in the video for there cooperation,",193296,766,93,0,43
27,UCmRbHAgG2k2vDUvb3xsEunQ,sPfxRwReP4I,Tata Motors Shares: Here's What Analysts Say,2019-02-08 08:38:15,"The company reported a third-quarter consolidated net loss of Rs 26,961 crore, compared to a net profit of Rs 1,215 crore in the same period last year.  CNBC-TV18 is India's No.1 Business medium and the undisputed leader in business news. The channel's benchmark coverage extends from corporate news, financial markets coverage, expert perspective on investing and management to industry verticals and beyond. CNBC-TV18 has been constantly innovating with new genres of programming that helps make business more relevant to different constituencies across India. India's most able business audience consumes CNBC-TV18 for their information & investing needs. This audience is highly diversified at one level comprising of key groups such as business leaders, professionals, retail investors, brokers and traders, intermediaries, self-employed professionals, High Net Worth individuals, students and even homemakers but shares a distinct commonality in terms of their spirit of enterprise.  Subscribe to our Channel: https://goo.gl/hKwgtm Like us on Facebook: https://www.facebook.com/cnbctv18india/ Follow us on Twitter: https://twitter.com/CNBCTV18News Website: https://www.cnbctv18.com/",6212,34,3,0,1
28,UC6-6WuC4_GaL0YrV510L_Fg,f3ArEGAHBjc,"Tata motors limited ‡§ï‡•á ‡§∂‡•á‡§Ø‡§∞  ‡§Æ‡•á‡§Ç ‡§Ö‡§∏‡§Æ‡§Ç‡§ú‡§∏ ‡§ï‡•Ä ‡§∏‡•ç‡§•‡§ø‡§§‡§ø ‡§π‡•Å‡§à ‡§™‡•à‡§¶‡§æ , ‡§ï‡•ç‡§Ø‡§æ 200 ‡§ï‡•á ‡§ä‡§™‡§∞ ‡§®‡§ø‡§ï‡§≤ ‡§™‡§æ‡§Ø‡•á‡§ó‡§æ...?",2019-03-17 16:55:24,,2805,104,2,0,8
29,UCQr2SA6sImMVi-dgamTlwpg,WdYY7EwdLyA,‡§á‡§∏‡§ï‡•á ‡§¨‡§æ‡§¶ ‡§≠‡•Ä TATA MOTORS ‡§ï‡•Ä ‡§ó‡§æ‡•ú‡§ø‡§Ø‡§æ‡§Ç ‡§≤‡•ã‡§ó‡•á ‡§Ü‡§™ ?,2019-02-22 02:14:46,‡§¨‡•ú‡•Ä ‡§∂‡§∞‡•ç‡§Æ ‡§ï‡•Ä ‡§¨‡§æ‡§§ ‡§π‡•à ‡§ü‡§æ‡§ü‡§æ ‡§Æ‡•ã‡§ü‡§∞‡•ç‡§∏ ‡§ï‡•á ‡§≤‡§ø‡§è | TATA should take action. #TataMotors #TataDealership,350273,18276,1372,0,3613
30,UCZNlTBWp7qU9Z3Fv-4RITxw,DCXQguJHQh4,‡§ï‡•Å‡§õ ‡§§‡•ã ‡§∂‡§∞‡•ç‡§Æ ‡§ï‡§∞‡•ã ‡§ü‡§æ‡§ü‡§æ ‡§µ‡§æ‡§≤‡•ã‡•§Tata motors should do some thing.,2019-02-23 07:01:59,‡§ü‡§æ‡§ü‡§æ ‡§Æ‡•ã‡§ü‡§∞‡•ç‡§∏ ‡§ï‡•á ‡§°‡•Ä‡§≤‡§∞‡•ã‡§Ç ‡§ï‡•Ä ‡§¶‡§æ‡§¶‡§æ‡§ó‡§ø‡§∞‡•Ä ‡§¶‡•á‡§ñ‡•ã‡•§ #tatamotors  original video  https://youtu.be/M9WQijS7Uvk,143921,4997,379,0,1257
31,UCCkL9vhAXWN0onzBDn_uaWQ,vlpQEml5ejw,Tata Ace Mega XL 2018 | Tata Motors Ace Mega XL Features | Interior and Exterior | Real-life Review,2018-11-16 16:34:02,"Hello Friends, PLEASE LIKE & SUBSCRIBE.  Tata Ace Mega XL is a small commercial vehicle segment from TATA Motors. It has been developed to meet requirements of our discerning customers for transporting heavy and dense load over long distances. The rugged design makes it a versatile vehicle for deployment not only on busy urban roads but also on rural areas with rough terrains. TATA Ace Mega XL mini truck is powered by a 2-cylinder, 800 cc common rail engine which gives a best-in-class combination of 30 kW (40 HP) power & torque of 100 Nm. A grade ability of 30% ensures that Ace Mega XL traverses steep gradients, hilly terrains & city flyovers with ease. 14 inch radial tube tyres & 175 mm ground clearance make sure that Ace Mega XL is suitable for all types of road conditions. The reinforced load body, strong chassis frame & rugged axles ensure high load carrying capability resulting in higher earnings for the customer. The integrated headlamps and dual tone front bumper give Ace Mega XL a stylish exterior finish. The centrally mounted console has ergonomically placed controls and convenience features like digital clock & mobile charger. The door panel features new sporty body graphics & flared wheel arches giving it a trendy look.  TATA  ACE GOLD 2018 MODEL REVIEW https://youtu.be/0wP1egZ5L-4  TATA ACE CNG 2018 MODEL REVIEW https://youtu.be/ScxTYfCxSAA  Join us :   Instagram  http://www.instagram.com/thecardirector Facebook http://www.facebook.com/cardirector Twitter  http://www.twitter.com/thecardirector",170268,1027,132,0,80
32,UCxlJdzYY8rgRuj1a-w26kEA,K_azH8zzydI,Tata motors ‡§Æ‡•á‡§Ç 250 ‡§ï‡§æ tgt (18-03-19) ‡§Æ‡•Å‡§®‡§æ‡§´‡§æ ‡§ï‡•á ‡§≤‡§ø‡§è ‡§≤‡§Æ‡•ç‡§¨‡§æ ‡§á‡§Ç‡§§‡§ú‡§æ‡§∞ ‡§ï‡•ç‡§Ø‡•ã,2019-03-18 13:21:50,"Tata motors ‡§Æ‡•á‡§Ç 250 ‡§ï‡§æ tgt (18-03-19) ‡§Æ‡•Å‡§®‡§æ‡§´‡§æ ‡§ï‡•á ‡§≤‡§ø‡§è ‡§≤‡§Æ‡•ç‡§¨‡§æ ‡§á‡§Ç‡§§‡§ú‡§æ‡§∞ ‡§ï‡•ç‡§Ø‡•ã !! ‡§∂‡•á‡§Ø‡§∞ ‡§ú‡§ø‡§®‡§ï‡•á ‡§∞‡§´‡•ç‡§§‡§æ‡§∞ ‡§™‡§∞ ‡§π‡•à ‡§≠‡§∞‡•ã‡§∏‡§æ Daily Free Intraday call for (18/03/19) üëáüëáüëá  Get Buy/Sell Trading Tips with proper level of Entry, Target Price and Stop-loss.  üî•üî•üî• Business Email : Stockmarketfreetips4@gmail.com   Daily Free Intraday Sure Shot stocks üëáüëáüëá  Website : https://www.stockmarketfreetrial.com/  Facebook : https://www.facebook.com/Stock-Market-Free-Trial-1827990393971553/  YouTube : https://www.youtube.com/channel/UCxlJdzYY8rgRuj1a-w26kEA",2364,71,2,0,1
33,UCRdvd6hEqmOCepJ-wSrEsaA,ZesydI-RN9Q,#10 A very big news on Tata motors. How to trade in Tata motors stock.,2019-03-11 13:11:23,"Tata motors latest share news. Tata motors latest share news today. Tata motors stock. Tata motors share. Tata motors share news. Tata motors stock news. Tata motors stock news today. Tata motors share news today. Tata motors stock review. Tata motors share review. Tata motors share price. Tata motors stock price. Tata motors stock analysis Tata motors latest news. Tata motors latest news today. Tata motors latest. Tata motors latest stock news. Tata motors latest news in hindi. Tata motors latest update. Tata motors latest video. Tata motors news latest. Tata motors news in hindi today. Tata motors news today. Tata motors trading. Tata motors brokerage report. Tata motors brokerage view. Tata motors brokers view. Tata motors brokers call.  stocks for trading today. stocks for intraday trading. stocks for swing trading. stocks for day trading. stocks for intraday trading tomorrow. stocks for option trading. stocks trading strategies. best stocks to buy. best shares to buy. best stocks to buy now. best stocks to invest. best stocks for option strategies. top stocks. top stocks to buy. buy or sell call on stock. buy stocks now. buy stocks for tomorrow. buy stocks for trading. buy stocks for beginners. stock to buy now. best stock. best share for tomorrow. stocks for tomorrow.  intraday tips. intraday shares. intraday stock. intraday free tips. intraday trading stocks for tomorrow, top stocks to buy. trading stocks for tomorrow. best stocks for intraday. best shares for intraday. trading share for tomorrow. intraday trading stocks for tomorrow. best intraday stock. intraday trading stocks. intraday trading. trading stocks. shares for tomorrow. stocks for tomorrow. trading stocks for tomorrow. trading shares for tomorrow. intraday trading stocks for today. stock market. day trading tips. day trading stocks. intraday calls for tomorrow. intraday shares. intraday trading tips for tomorrow. intraday trading tips. intraday trading shares. stocks to buy tomorrow. shares to trade tomorrow. tips for  tomorrow. intraday trading tips for today. today intraday calls. share calls.  stocks calls.  free intraday tips. top earning stocks. free stock market tips for intraday. free share market. free stock market tips for tomorrow. share market tips for beginners. share market tips in hindi. free stock tips. free share market tips. shares to buy today in indian market. best intraday tips. intraday tips for tomorrow. intraday tips for today nse.  Stock market. Investing. Intraday Trading. Stock Future. Trading view. Intraday Trading tips. Stock. stock news. trade. stock market live. trading account. Techincal analysis. stock market live. Trading. stocks. share market. nse india. business ideas. how to invest in stock market. Nifty share price. bank nifty share price. sgx nifty. sensex. nifty. nse India. Nifty50. stock market. bse. nifty bank. nse live. bank nifty. nifty today. Nifty future.  #StockMarket #TataMotors #Tata",1322,6,1,0,1
34,UClTOPJoCCNAsXcBLcxkF-BA,dp2WITu6IQI,Tata Motors at India Auto Expo 2018 !!,2018-02-07 11:06:00,Tata Motors Revealed H5X SUV Concept at #AutoExpo2018 #BornOfPedigree #H5X #TataMotors #AE2018 #Intra #tataintra  lease subscribe us for regular update:  YouTube: https://www.youtube.com/c/AutoTrendTV Facebook: https://www.facebook.com/AutoTrendTV/ Twitter: https://twitter.com/AutoTrendTV Blog: http://autotrendtv.blogspot.in/ Google +: https://plus.google.com/b/117736899640895522341/+AutoTrendTV,18298,202,21,0,22
35,UCcbqUceZcG05hA2u5hypW3g,MgXLZofmcP4,"TATA Motors ‡§Æ‡•á‡§Ç ‡§ï‡§æ‡§Æ ‡§ï‡§∞‡§®‡•á ‡§ï‡•á ‡§≤‡§ø‡§è ‡§ú‡§≤‡•ç‡§¶‡•Ä ‡§¶‡•á‡§ñ‡•ã ‡§µ‡§ø‡§°‡§ø‡§Ø‡•ã ‡§ï‡•ã, ‡§Ö‡§≠‡•Ä-‡§Ö‡§≠‡•Ä ‡§∏‡§≠‡•Ä ITI,Diploma,Degree ‡§≤‡•ã‡§ó‡•ã‡§Ç ‡§ï‡•á ‡§≤‡§ø‡§è.",2019-03-19 11:14:23,"TATA motors Company ‡§Æ‡•á‡§Ç ‡§®‡•å‡§ï‡§∞‡•Ä ‡§ï‡•á ‡§≤‡§ø‡§è ‡§ú‡§ø‡§∏‡§Æ‡•á‡§Ç ‡§∏‡§≠‡•Ä ‡§ü‡•á‡§ï‡•ç‡§®‡§ø‡§ï‡§≤ ‡§ï‡•á ‡§≤‡•ã‡§ó ‡§π‡•à ‡§ú‡•à‡§∏‡•á ‡§Ü‡§à‡§ü‡•Ä‡§Ü‡§à , diploma, ‡§°‡§ø‡§ó‡•ç‡§∞‡•Ä ‡§î‡§∞ Other ‡§ï‡•à‡§Ç‡§°‡§ø‡§°‡•á‡§ü ‡§§‡•ã ‡§Ü‡§™ ‡§á‡§∏ ‡§µ‡§ø‡§°‡§ø‡§Ø‡•ã ‡§ï‡•ã ‡§™‡•Ç‡§∞‡§æ ‡§¶‡•á‡§ñ‡§ø‡§Ø‡•á ‡§î‡§∞ ‡§á‡§∏‡•á ‡§Ö‡§™‡•ç‡§≤‡§æ‡§à ‡§ï‡§∞‡§ø‡§è ‡§ú‡§ø‡§∏‡•á ‡§Ü‡§™‡§ï‡•ã ‡§™‡•Ç‡§∞‡•Ä ‡§ú‡§æ‡§®‡§ï‡§æ‡§∞‡•Ä ‡§Æ‡§ø‡§≤ ‡§∏‡§ï‡•á ‡§î‡§∞ ‡§Ü‡§™ ‡§á‡§∏‡•á ‡§Ü‡§∏‡§æ‡§®‡•Ä ‡§∏‡•á ‡§Ö‡§™‡•ç‡§≤‡§æ‡§à ‡§ï‡§∞ ‡§∏‡§ï‡•á ‡§Ö‡§ß‡§ø‡§ï ‡§ú‡§æ‡§®‡§ï‡§æ‡§∞‡•Ä ‡§ï‡•á ‡§≤‡§ø‡§è  ‡§®‡§ø‡§ö‡•á ‡§¶‡§ø‡§è ‡§π‡•Å‡§è ‡§≤‡§ø‡§Ç‡§ï ‡§™‡§∞ ‡§ú‡§æ‡§ï‡§∞ ‡§Ü‡§™ ‡§á‡§∏‡•á ‡§Ö‡§™‡•ç‡§≤‡§æ‡§à ‡§ï‡§∞ ‡§∏‡§ï‡§§‡•á ‡§π‡•à,  https://www.bhartipeople.com/2019/03/tata-motors-company-required-vacancy.html  ‡§á‡§∏  ‡§ö‡•à‡§®‡§≤ ‡§ï‡•ã ‡§Ö‡§≠‡•Ä ‡§§‡•Å‡§∞‡§Ç‡§§ ‡§π‡•Ä SUBSCRIBE ‡§ï‡§∞‡•á ‡§î‡§∞ ‡§¨‡•á‡§≤ ‡§Ü‡§á‡§ï‡•â‡§® ‡§ï‡•ã ‡§™‡•ç‡§∞‡•á‡§∏ ‡§ï‡§∞‡§ï‡•á Notification on ‡§ï‡§∞‡§≤‡•á.",2521,96,11,0,37
36,UCkieSSP03MeBNmgBU73OQvQ,C3jLHWsVTIA,TATA MOTORS PRICE ACTION ;‡§ï‡•ç‡§Ø‡§æ ‡§ü‡§æ‡§ü‡§æ ‡§Æ‡•ã‡§ü‡§∞‡•ç‡§∏ ‡§ó‡§ø‡§∞‡§æ‡§µ‡§ü ‡§ï‡•á ‡§¨‡§æ‡§¶ ‡§ï‡§∞‡•Ä‡§¶‡§®‡§æ ‡§†‡•Ä‡§ï ‡§π‡•ã‡§ó‡§æ,2019-02-08 15:14:56,TATA MOTORS PRICE ACTION; ‡§ï‡•ç‡§Ø‡§æ ‡§ü‡§æ‡§ü‡§æ ‡§Æ‡•ã‡§ü‡§∞‡•ç‡§∏ ‡§ó‡§ø‡§∞‡§æ‡§µ‡§ü ‡§ï‡•á ‡§¨‡§æ‡§¶ ‡§ï‡§∞‡•Ä‡§¶‡§®‡§æ ‡§†‡•Ä‡§ï ‡§π‡•ã‡§ó‡§æ in this video I explain detail Technical Levels of Tata motors and If you think to buy tata motors please check this video   Follow us on Facebook:-  https://www.facebook.com/stockgurudeepak/   Website :- https://www.stockgurudeepak.com/  Email:- deepakweb@rediffmail.com  Whatsapp no:- 9870248542,4383,175,8,0,43
37,UCiyqiag20iAsOwL9SHJMQ4g,qXbZ7pxc-Ok,TATA MOTORS detailed analysis of Charts & Options Chain.,2019-03-19 01:06:27,"** Facebook : https://www.facebook.com/bharat.jhunj...  ** Twitter: https://twitter.com/BharatJ82  ** LinkedIn: https://www.linkedin.com/in/bharatmft...  ** Website:  https://www.prorsi.com  ** Email: infoatprorsi@gmail.com    Learn everything about the #tatamotors #optionchain.    #SpeakingTechnically is an Knowledge Show on the ProRSI YouTube Channel. Through Speaking Technically we aim to break the myths of Trading using Technical analysis and Training in the financial markets and provide true Knowledge to people which Trading Guru's have been hiding till now. Started By Bharat Jhunjhunwala. He is an International Certified Technical Analyst and a successful trader. He has trained more than 5000 people all over the world. He has written many articles/blogs over a period of time which has been appreciated for its content and TRUTH. Bharat is a CMT, CFTe and MSTA. He has been awarded MFTA from the prestigious IFTA (USA), for his works on RSI. He has been closely involved in trading stock and commodities since 2006. Bharat is now managing Hedge Funds in Singapore.  INTRADAY PART I: https://www.youtube.com/watch?v=2rcxJ...",3386,35,1,0,5
38,UC_hf7p6ZuZCGggrEs4aw-Gg,IF_l8WQg9Sg,Tata MOTORS 3718 overload part 1,2018-11-19 07:38:48,"In this video you will see uttar pradesh 3718 overload truck ,,all the work which is displayed in this video is totally done by us (GILL TRUCK BODY SAMANA ) contact us 90411-44223   üôèAddress- Gill truck body works, dardi chownk, City - Samana, district-patiala, Punjab, pin code - 147101..mobile no- 9041144223  #gilltruckbodysamana #gilltruckbodyworks Gill truck body samana 90411-44223  Watch Live Workshop view of GILL Truck Body SAMANA 90411-44223 https://youtu.be/JJw78VCBEww  Tata 3718 overload Bihar  https://youtu.be/AzNOPcGka9k  Tata vs leyland chasis review https://youtu.be/OmDTsa9cmto  Bharat Benj 3723R completed view  https://youtu.be/zu2NfrOfzvY  Eicher 6037 full view  https://youtu.be/rPOBtG17tRc  Tata 3718 bihar patna trucks  https://youtu.be/qbAqhPdLQuE  Tata UP 3718 bs4 view https://youtu.be/Mhf9WarM7x8  Tata 3718 bihar queen ARA https://youtu.be/MMNcfK6gvig  Mahindra Blazo 3718 view https://youtu.be/whZSi5sxoh0  Working view Tata 3718  https://youtu.be/v_1gyveREJQ  Ashok leyland 3718 bs4  https://youtu.be/HeQoGauM9w8  Leyand truck view https://youtu.be/arlZ95MKIbo  Ashok leyland 1618 https://youtu.be/npgklsHuEcI  Top trucks of 2018  https://youtu.be/CNky4OJTQhM  Indian army truck  https://youtu.be/j-xpzsuIsmA  Tata Punjab underload  https://youtu.be/JU2a3zfP_U0  Bharat Benj UP  https://youtu.be/W9YUXdf0T5c  Working view of 3723 bharat benj  https://youtu.be/Q_UwfyjgMvY  Overload vs underload 3718  https://youtu.be/ESK6M3747ck",900800,33407,2237,0,492
39,UCGk_EOyEtbl-XdbVHRPwnfQ,L2mYtnomhaI,"TATA Motors- Safety Ko Pathshala, Nepal",2018-10-10 07:15:10,"The TATA Motors Safety Ko Pathshala in Nepal is here! Now children can remember the important safety lessons during their daily school bus ride with this engaging, instructional and easy to understand video. So let's watch this and learn to make every bus ride a safe one!",2725279,374,21,0,
40,UC6-6WuC4_GaL0YrV510L_Fg,kZiY0f0ni4Q,"Tata motors ‡§ï‡•á ‡§∂‡•á‡§Ø‡§∞ ‡§Æ‡•á‡§Ç ‡§¨‡•ú‡•Ä ‡§ñ‡§¨‡§∞ , ‡§Ö‡§¨ ‡§∞‡•â‡§ï‡•á‡§ü ‡§¨‡§® ‡§ú‡§æ‡§Ø‡•á‡§ó‡§æ ‡§Ø‡•á ‡§∂‡•á‡§Ø‡§∞ , auto sector ‡§ï‡§æ ‡§ñ‡§∞‡§æ ‡§∏‡•ã‡§®‡§æ..",2019-03-04 10:51:17,Tata motors video.... https://youtu.be/LLCBx-R0GAw  Top 25 stocks list ‡§Æ‡§æ‡§≤ ‡§â‡§†‡§æ‡§ì ‡§™‡•à‡§∏‡§æ ‡§õ‡§æ‡§™‡•ã‡§Ç.... https://youtu.be/YJDNnXZ_pCQ,13566,283,17,0,12
41,UC_hf7p6ZuZCGggrEs4aw-Gg,mxpNMrgRm9k,"3118 cowl chasis TATA MOTORS BS-4 SCR TECHNOLOGY,",2018-11-20 02:55:32,"#Gilltruckbodysamana   üôèAddress- Gill truck body works, dardi chownk, City - Samana, district-patiala, Punjab, pin code - 147101..mobile no- 9041144223  #gilltruckbodysamana #gilltruckbodyworks Gill truck body samana 90411-44223 Watch Live Workshop view of GILL Truck Body SAMANA 90411-44223 https://youtu.be/JJw78VCBEww  Tata 3718 overload Bihar  https://youtu.be/AzNOPcGka9k  Tata vs leyland chasis review https://youtu.be/OmDTsa9cmto  Bharat Benj 3723R completed view  https://youtu.be/zu2NfrOfzvY  Eicher 6037 full view  https://youtu.be/rPOBtG17tRc  Tata 3718 bihar patna trucks  https://youtu.be/qbAqhPdLQuE  Tata UP 3718 bs4 view https://youtu.be/Mhf9WarM7x8  Tata 3718 bihar queen ARA https://youtu.be/MMNcfK6gvig  Mahindra Blazo 3718 view https://youtu.be/whZSi5sxoh0  Working view Tata 3718  https://youtu.be/v_1gyveREJQ  Ashok leyland 3718 bs4  https://youtu.be/HeQoGauM9w8  Leyand truck view https://youtu.be/arlZ95MKIbo  Ashok leyland 1618 https://youtu.be/npgklsHuEcI  Top trucks of 2018  https://youtu.be/CNky4OJTQhM  Indian army truck  https://youtu.be/j-xpzsuIsmA  Tata Punjab underload  https://youtu.be/JU2a3zfP_U0  Bharat Benj UP  https://youtu.be/W9YUXdf0T5c  Working view of 3723 bharat benj  https://youtu.be/Q_UwfyjgMvY  Overload vs underload 3718  https://youtu.be/ESK6M3747ck",163676,2063,130,0,114
42,UCPohbSYq4IXhv0yxiy-sT4g,0mLHy7k3-fE,Tata Motors ‡§ï‡§æ Stock ‡§ï‡•ç‡§Ø‡•ã‡§Ç ‡§ó‡§ø‡§∞ ‡§∞‡§π‡§æ ‡§π‡•à - Hindi | Tata Motors Stock Buy or Sell - in Hindi,2018-10-10 11:50:00,"Shares of Tata Motors plunged over 16 per cent by Oct 9 after the company-owned Jaguar Land Rover (JLR) reported a 12.3 per cent decline in global sales at 57,114 units in September, hit by lower demand in China.   Make your Free Financial Plan today: http://wealth.investyadnya.in/Login.aspx  Yadnya Book - 108 Questions & Answers on Mutual Funds & SIP - Available here: Amazon: https://goo.gl/WCq89k Flipkart: https://goo.gl/tCs2nR Infibeam: https://goo.gl/acMn7j Notionpress: https://goo.gl/REq6To  Find us on Social Media and stay connected: Facebook Page - https://www.facebook.com/InvestYadnya Facebook Group - https://goo.gl/y57Qcr Twitter - https://www.twitter.com/InvestYadnya  #InvestYadnya #YIA #ShareMarketNews",45889,1035,65,0,128
43,UCjWs7BxyjO5SLqevxSmp4vQ,JIwn9aXJDSI,"Mayank Pareek - President, Passenger Vehicles, Tata Motors | Interview | Autocar India",2019-02-02 10:30:37,"The Tata Harrier was launched with very aggressive pricing, and soon after, Amaan Ahmed caught up with Mayank Pareek, President, Passenger Vehicles, Tata Motors, to discuss the car's pricing and positioning, and also the company's plans for the future.  #Tata #Harrier #TeamAutocar #MayankPareek  SUBSCRIBE to Autocar India for hottest automotive news and the most comprehensive reviews ‚ñ∫ http://bit.ly/AutocarInd  Autocar India is your one stop source for test drive reviews & comparison test of every new car released in India. We also offer a great mix of other automotive content including podcasts, motor show reports, travelogues and other special features.  Click this link for latest car reviews ‚ñ∫http://bit.ly/ACI-NewCarReviews  Click this link for comparison tests of latest cars & bikes ‚ñ∫http://bit.ly/ACI-Comparison  Click this link for latest bike reviews ‚ñ∫http://bit.ly/ACI-BikeReviews  Click this link for Autocar India exclusive features ‚ñ∫http://bit.ly/ACI-Features  Visit http://www.autocarindia.com for the latest news & happenings from the auto world. Facebook: http://www.facebook.com/autocarindiamag Instagram: https://www.instagram.com/autocar_india/ Twitter: http://www.twitter.com/autocarindiamag G+: https://plus.google.com/+autocarindia1",33782,602,23,0,84
44,UCGk_EOyEtbl-XdbVHRPwnfQ,GLCifQI5yFY,Tata Motors - Her Key | Happy Women's Day,2019-03-08 04:53:55,"""Inspired by the women who get behind the wheel everyday, introducing the """"HER KEY"""" initiative from Tata Motors. With this, we aim to encourage and empower more women to take the Driver's seat. Watch the video to know more. Happy Women's day.""",1016361,1107,24,0,98
45,UCd2cC2ngEZ1KsSorZVjO6Lg,DvqTNJbLi1E,TATA MOTORS ‡§ï‡§æ ‡§∂‡•á‡§Ø‡§∞ ‡§ï‡§Å‡§π‡§æ ‡§ú‡§æ ‡§ï‡§∞ ‡§∞‡•Å‡§ï‡•á‡§ó‡§æ I,2019-01-27 12:47:13,"TATA MOTORS ‡§ï‡§æ ‡§∂‡•á‡§Ø‡§∞ ‡§ï‡§Å‡§π‡§æ ‡§ú‡§æ ‡§ï‡§∞ ‡§∞‡•Å‡§ï‡•á‡§ó‡§æ I  ON BASIS OF TECHNICAL CHART & OPTION CHAIN (OPEN INTEREST) DATA, WE TRIED TO FIND OUT WHERE THIS STOCK WILL GO AND WHERE WE CAN BUY .",5396,115,8,0,30
46,UCQIycDaLsBpMKjOCeaKUYVg,A3PcxePqLUE,TATA MOTORS CFO P B BALAJI talks to CNBC AWAAZ,2018-11-03 06:10:15,CFO P B BALAJI is extremely confident to turnaround JLR just like they did with domestic business,2804,50,1,0,4
47,UCjWs7BxyjO5SLqevxSmp4vQ,KzHUmpTT2Pk,Guenter Butschek CEO & MD Tata Motors I Interview I Autocar India,2018-12-23 04:30:00,"Tata's hotly anticipated SUV the Harrier has created quite a buzz. The car was unveiled and given to the press for test drives however the official launch is in January. Hormazd Sorabjee Speaks with MD & CEO Tata Motors on the occasion of the unveil on the Harrier and Tata Motors future plans.    SUBSCRIBE to Autocar India for hottest automotive news and the most comprehensive reviews ‚ñ∫ http://bit.ly/AutocarInd  Autocar India is your one stop source for test drive reviews & comparison test of every new car released in India. We also offer a great mix of other automotive content including podcasts, motor show reports, travelogues and other special features.  Click this link for latest car reviews ‚ñ∫http://bit.ly/ACI-NewCarReviews  Click this link for comparison tests of latest cars & bikes ‚ñ∫http://bit.ly/ACI-Comparison  Click this link for latest bike reviews ‚ñ∫http://bit.ly/ACI-BikeReviews  Click this link for Autocar India exclusive features ‚ñ∫http://bit.ly/ACI-Features  Visit http://www.autocarindia.com for the latest news & happenings from the auto world. Facebook: http://www.facebook.com/autocarindiamag Instagram: https://www.instagram.com/autocar_india/ Twitter: http://www.twitter.com/autocarindiamag G+: https://plus.google.com/+autocarindia1",51976,787,32,0,124
48,UCmRbHAgG2k2vDUvb3xsEunQ,NP0t-EK9g_o,Udayan Mukherjee Speaks On Tata Motors Share| Bazaar Open Exchange,2019-02-11 06:28:52,"Udayan Mukherjee Speaks On Tata Motors Share.   CNBC-TV18 is India's No.1 Business medium and the undisputed leader in business news. The channel's benchmark coverage extends from corporate news, financial markets coverage, expert perspective on investing and management to industry verticals and beyond. CNBC-TV18 has been constantly innovating with new genres of programming that helps make business more relevant to different constituencies across India. India's most able business audience consumes CNBC-TV18 for their information & investing needs. This audience is highly diversified at one level comprising of key groups such as business leaders, professionals, retail investors, brokers and traders, intermediaries, self-employed professionals, High Net Worth individuals, students and even homemakers but shares a distinct commonality in terms of their spirit of enterprise.  Subscribe to our Channel: https://goo.gl/hKwgtm Like us on Facebook: https://www.facebook.com/cnbctv18india/ Follow us on Twitter: https://twitter.com/CNBCTV18News Website: https://www.cnbctv18.com/",6009,59,1,0,0
49,UCv8vYfhw7Xj0Zmh6Xm42Mow,dui7ao1RR70,‡§ü‡§æ‡§ü‡§æ ‡§Æ‡•ã‡§ü‡§∞‡•ç‡§∏ ‡§ï‡•Ä OPTION CHAIN ‡§§‡•á‡•õ‡•Ä ‡§¨‡§§‡§æ ‡§∞‡§π‡•Ä ‡§π‡•à | TATA MOTORS SHARE,2018-11-16 08:40:26,"Tata Motors Share , Tata Motors Share Price , Tata Motors Share News, Tata Motors Share Prediction, Tata Motors Share Review, Tata Motors Share Price Today, Tata Motors Share Latest News, Tata Motors Share Target, Tata Motors Share Analysis , Tata Motors Stock , Tata Motors Stock Analysis, Tata Motors Stock Technical Analysis, Tata Motors Stock Latest News, Tata Motors Stock News, Tata Motors Stock 2018, Tata Motors Stock Today, Tata Motors Stock Price, Tata Motors Stock View",28388,817,37,0,0
